"Document File","Document Name","Event","Creation Date","Modified Date","Slug","Creator","unique id"
"//s3.amazonaws.com/appforest_uf/f1669690793888x903367438230845200/WeddingFloristSetUpChecklist.pdf","Setup Instructions","","Nov 29, 2022 1:59 pm","Nov 29, 2022 1:59 pm","","(App admin)","1669690796376x557448506375926700"
"//s3.amazonaws.com/appforest_uf/f1669690812247x649682011839171700/WeddingFloristSetUpChecklist.pdf","Strike Instructions","","Nov 29, 2022 2:00 pm","Nov 29, 2022 2:00 pm","","(App admin)","1669690822211x986010686710213200"
"//s3.amazonaws.com/appforest_uf/f1669690839878x508131085466931200/WeddingFloristSetUpChecklist.pdf","Proposal","","Nov 29, 2022 2:00 pm","Nov 29, 2022 2:00 pm","","(App admin)","1669690842500x316719010558037500"
"","** PLUS **","","Dec 12, 2022 9:38 am","Dec 12, 2022 9:38 am","","(App admin)","1670798318434x732731435533678100"
"","Floral Placement Instructions","","Dec 14, 2022 9:52 am","Dec 14, 2022 9:52 am","","(deleted thing)","1670971923155x473011372949504000"
"//s3.amazonaws.com/appforest_uf/f1670978854142x862141659076692600/treatments-menu-muluk.pdf","Arrangement details","","Dec 14, 2022 11:47 am","Dec 14, 2022 11:47 am","","(deleted thing)","1670978858397x335447703130734600"
"//s3.amazonaws.com/appforest_uf/f1670978895171x459765891159846800/23%20-%201%20-%20Exhibit%201%20FILED%209-21-20%281%29.pdf","Another doc","","Dec 14, 2022 11:48 am","Dec 14, 2022 11:48 am","","(deleted thing)","1670978897155x626426594184134700"
"//s3.amazonaws.com/appforest_uf/f1670982907106x868018802298005500/Trick.png","Arrangement directions","","Dec 14, 2022 12:55 pm","Dec 14, 2022 12:55 pm","","(deleted thing)","1670982912397x492847283023904800"
"//s3.amazonaws.com/appforest_uf/f1670998383582x202850212221148860/done.png","test","","Dec 14, 2022 5:13 pm","Dec 14, 2022 5:13 pm","","(deleted thing)","1670998393596x650235597095960600"
"//s3.amazonaws.com/appforest_uf/f1672181871102x697514753345508400/Wedding%20Planning%20Portfolio%20%20-%20Beth%20Swehla.pdf","Arrangements - Quote","","Dec 28, 2022 9:57 am","Dec 28, 2022 9:57 am","","(deleted thing)","1672181873166x892823141732843500"
"//s3.amazonaws.com/appforest_uf/f1672182103072x854579106850210200/The%20Crystal%20Gardens%20At%20Navy%20Pier.pdf","Venue details","","Dec 28, 2022 10:01 am","Dec 28, 2022 10:01 am","","(deleted thing)","1672182104927x897768329204990000"
